{
  "stage": "eval",
  "split": "time",
  "seed": 99,
  "test_ratio": 0.3,
  "ks": [
    5,
    10
  ],
  "n_test_users": 100,
  "results": {
    "popularity": {
      "AP": 0.01789125094482237,
      "RR": 0.10450793650793651,
      "R@5": 0.027202380952380954,
      "P@5": 0.032,
      "nDCG@5": 0.03489859307387623,
      "R@10": 0.055964285714285716,
      "P@10": 0.034,
      "nDCG@10": 0.04790940883817155
    },
    "content": {
      "AP": 0.020122859977324263,
      "RR": 0.09828968253968254,
      "R@5": 0.026476190476190476,
      "P@5": 0.032,
      "nDCG@5": 0.0354711533303489,
      "R@10": 0.05463095238095238,
      "P@10": 0.034,
      "nDCG@10": 0.04785862625989657
    },
    "collab": {
      "AP": 0.13214266817838247,
      "RR": 0.5623571428571429,
      "R@5": 0.16507142857142856,
      "P@5": 0.20400000000000001,
      "nDCG@5": 0.25358891541738054,
      "R@10": 0.20002380952380952,
      "P@10": 0.124,
      "nDCG@10": 0.24275813469423152
    },
    "hybrid": {
      "AP": 0.035186318972033254,
      "RR": 0.18886507936507935,
      "R@5": 0.045964285714285714,
      "P@5": 0.05800000000000001,
      "nDCG@5": 0.06323684137844339,
      "R@10": 0.1104404761904762,
      "P@10": 0.069,
      "nDCG@10": 0.09262341944449622
    }
  }
}