{
  "stage": "eval",
  "split": "time",
  "seed": 42,
  "test_ratio": 0.3,
  "ks": [
    5,
    10
  ],
  "n_test_users": 80,
  "results": {
    "popularity": {
      "AP": 0.012864583333333332,
      "RR": 0.045208333333333336,
      "R@5": 0.01875,
      "P@5": 0.015000000000000003,
      "nDCG@5": 0.019267495852748836,
      "R@10": 0.034375,
      "P@10": 0.013750000000000002,
      "nDCG@10": 0.02675312964037398
    },
    "content": {
      "AP": 0.10801587301587301,
      "RR": 0.32478174603174603,
      "R@5": 0.140625,
      "P@5": 0.1125,
      "nDCG@5": 0.14905518725581324,
      "R@10": 0.24375,
      "P@10": 0.0975,
      "nDCG@10": 0.20052798164273425
    },
    "collab": {
      "AP": 0.3253125,
      "RR": 0.7723412698412698,
      "R@5": 0.378125,
      "P@5": 0.3025,
      "nDCG@5": 0.43330349311041,
      "R@10": 0.45,
      "P@10": 0.18,
      "nDCG@10": 0.4691019896263994
    },
    "hybrid": {
      "AP": 0.12530133928571427,
      "RR": 0.3242013888888889,
      "R@5": 0.165625,
      "P@5": 0.1325,
      "nDCG@5": 0.16059814997825578,
      "R@10": 0.315625,
      "P@10": 0.12625,
      "nDCG@10": 0.23468470405645805
    }
  }
}