{
  "stage": "eval",
  "split": "time",
  "seed": 42,
  "test_ratio": 0.3,
  "ks": [
    5,
    10
  ],
  "n_test_users": 80,
  "results": {
    "popularity": {
      "AP": 0.004956597222222222,
      "RR": 0.017951388888888888,
      "R@5": 0.014583333333333332,
      "P@5": 0.01,
      "nDCG@5": 0.009337083753813357,
      "R@10": 0.02395833333333333,
      "P@10": 0.00875,
      "nDCG@10": 0.014083627236782952
    },
    "content": {
      "AP": 0.009392361111111112,
      "RR": 0.03409722222222222,
      "R@5": 0.02395833333333333,
      "P@5": 0.0175,
      "nDCG@5": 0.018457453706592207,
      "R@10": 0.03333333333333333,
      "P@10": 0.0125,
      "nDCG@10": 0.02274753354977093
    }
  }
}