{
  "stage": "eval",
  "split": "time",
  "seed": 99,
  "test_ratio": 0.3,
  "ks": [
    5,
    10
  ],
  "n_test_users": 80,
  "results": {
    "popularity": {
      "AP": 0.011462053571428571,
      "RR": 0.045848214285714284,
      "R@5": 0.015625,
      "P@5": 0.0125,
      "nDCG@5": 0.018414742330398946,
      "R@10": 0.021875,
      "P@10": 0.00875,
      "nDCG@10": 0.021580715801662265
    },
    "content": {
      "AP": 0.05972594246031746,
      "RR": 0.19944940476190476,
      "R@5": 0.09375,
      "P@5": 0.075,
      "nDCG@5": 0.08544488020768588,
      "R@10": 0.196875,
      "P@10": 0.07875000000000001,
      "nDCG@10": 0.13629416781251297
    },
    "collab": {
      "AP": 0.24742683531746032,
      "RR": 0.6541815476190476,
      "R@5": 0.29375,
      "P@5": 0.23500000000000001,
      "nDCG@5": 0.3400649420842376,
      "R@10": 0.36875,
      "P@10": 0.14750000000000002,
      "nDCG@10": 0.37864339378646134
    },
    "hybrid": {
      "AP": 0.0972953869047619,
      "RR": 0.2529365079365079,
      "R@5": 0.1375,
      "P@5": 0.11000000000000001,
      "nDCG@5": 0.1286369535282782,
      "R@10": 0.246875,
      "P@10": 0.09875,
      "nDCG@10": 0.18450816457596356
    }
  }
}