{
  "stage": "eval",
  "split": "time",
  "seed": 2026,
  "test_ratio": 0.3,
  "ks": [
    5,
    10
  ],
  "n_test_users": 80,
  "results": {
    "popularity": {
      "AP": 0.011879960317460317,
      "RR": 0.04223710317460318,
      "R@5": 0.013541666666666665,
      "P@5": 0.01,
      "nDCG@5": 0.016903294418703977,
      "R@10": 0.025,
      "P@10": 0.00875,
      "nDCG@10": 0.022178085696790792
    },
    "content": {
      "AP": 0.01384548611111111,
      "RR": 0.03885416666666667,
      "R@5": 0.029166666666666664,
      "P@5": 0.02,
      "nDCG@5": 0.02312043065354629,
      "R@10": 0.03645833333333333,
      "P@10": 0.0125,
      "nDCG@10": 0.026749326270253383
    },
    "collab": {
      "AP": 0.007156498015873015,
      "RR": 0.02452876984126984,
      "R@5": 0.015625,
      "P@5": 0.01,
      "nDCG@5": 0.010807386134875105,
      "R@10": 0.03645833333333333,
      "P@10": 0.0125,
      "nDCG@10": 0.02024417451826665
    },
    "hybrid": {
      "AP": 0.016242559523809524,
      "RR": 0.04766865079365079,
      "R@5": 0.03333333333333333,
      "P@5": 0.0225,
      "nDCG@5": 0.026035576991488958,
      "R@10": 0.051041666666666666,
      "P@10": 0.0175,
      "nDCG@10": 0.03456395086188032
    }
  }
}