{
  "stage": "ab",
  "variant_a": "popularity",
  "variant_b": "content",
  "seed": 42,
  "result": {
    "n": 80,
    "k": 10,
    "kpi_a": 0.0875,
    "kpi_b": 0.125,
    "abs_lift": 0.037500000000000006,
    "rel_lift": 0.42857142857142866,
    "ci95_low": -0.05,
    "ci95_high": 0.1375,
    "decision": "inconclusive"
  }
}