{
  "stage": "eval",
  "split": "time",
  "seed": 42,
  "test_ratio": 0.3,
  "ks": [
    5,
    10
  ],
  "n_test_users": 120,
  "results": {
    "popularity": {
      "AP": 0.014791005291005292,
      "RR": 0.0848015873015873,
      "R@5": 0.026775793650793647,
      "P@5": 0.03333333333333333,
      "nDCG@5": 0.03223995768739715,
      "R@10": 0.0491765873015873,
      "P@10": 0.030833333333333334,
      "nDCG@10": 0.04084428033473534
    },
    "content": {
      "AP": 0.010582955404383976,
      "RR": 0.05592261904761905,
      "R@5": 0.01681547619047619,
      "P@5": 0.023333333333333334,
      "nDCG@5": 0.022987368785657783,
      "R@10": 0.03103174603174603,
      "P@10": 0.020833333333333332,
      "nDCG@10": 0.027400459026007108
    },
    "collab": {
      "AP": 0.15935419816074575,
      "RR": 0.6511541005291005,
      "R@5": 0.19149801587301588,
      "P@5": 0.23833333333333334,
      "nDCG@5": 0.29835786918605006,
      "R@10": 0.23558531746031747,
      "P@10": 0.14666666666666667,
      "nDCG@10": 0.28515867693799823
    },
    "hybrid": {
      "AP": 0.04468624417359536,
      "RR": 0.19579365079365077,
      "R@5": 0.052619047619047614,
      "P@5": 0.06666666666666667,
      "nDCG@5": 0.06548291148624776,
      "R@10": 0.159484126984127,
      "P@10": 0.09916666666666667,
      "nDCG@10": 0.11938314368797018
    }
  }
}