{
  "stage": "eval",
  "split": "time",
  "seed": 123,
  "test_ratio": 0.3,
  "ks": [
    5,
    10
  ],
  "n_test_users": 80,
  "results": {
    "popularity": {
      "AP": 0.018050595238095237,
      "RR": 0.06553571428571428,
      "R@5": 0.028125,
      "P@5": 0.0225,
      "nDCG@5": 0.02667389625230616,
      "R@10": 0.059375,
      "P@10": 0.02375,
      "nDCG@10": 0.04175600862603483
    },
    "content": {
      "AP": 0.08220982142857143,
      "RR": 0.2289484126984127,
      "R@5": 0.121875,
      "P@5": 0.0975,
      "nDCG@5": 0.11280930940197856,
      "R@10": 0.21875,
      "P@10": 0.0875,
      "nDCG@10": 0.1608039584894223
    },
    "collab": {
      "AP": 0.3075644841269841,
      "RR": 0.7336458333333333,
      "R@5": 0.35,
      "P@5": 0.28,
      "nDCG@5": 0.4075980932552371,
      "R@10": 0.428125,
      "P@10": 0.17125,
      "nDCG@10": 0.44659890987671574
    },
    "hybrid": {
      "AP": 0.11209573412698412,
      "RR": 0.27306051587301583,
      "R@5": 0.159375,
      "P@5": 0.1275,
      "nDCG@5": 0.14058746582349085,
      "R@10": 0.315625,
      "P@10": 0.12625,
      "nDCG@10": 0.21907842881972778
    }
  }
}