{
  "stage": "ab",
  "variant_a": "content",
  "variant_b": "collab",
  "seed": 42,
  "result": {
    "n": 80,
    "k": 10,
    "kpi_a": 0.7,
    "kpi_b": 0.9,
    "abs_lift": 0.20000000000000007,
    "rel_lift": 0.2857142857142858,
    "ci95_low": 0.0875,
    "ci95_high": 0.325,
    "decision": "B wins"
  }
}