{
  "stage": "eval",
  "split": "time",
  "seed": 123,
  "test_ratio": 0.3,
  "ks": [
    5,
    10
  ],
  "n_test_users": 80,
  "results": {
    "popularity": {
      "AP": 0.024885351710128494,
      "RR": 0.13237103174603176,
      "R@5": 0.044360119047619044,
      "P@5": 0.05750000000000001,
      "nDCG@5": 0.053139304138380784,
      "R@10": 0.08498511904761905,
      "P@10": 0.05500000000000001,
      "nDCG@10": 0.06883364570826381
    },
    "content": {
      "AP": 0.021796107331821617,
      "RR": 0.1259672619047619,
      "R@5": 0.03270833333333333,
      "P@5": 0.0425,
      "nDCG@5": 0.04513003119569264,
      "R@10": 0.06660714285714285,
      "P@10": 0.04375,
      "nDCG@10": 0.0580030661990741
    },
    "collab": {
      "AP": 0.23131023242630383,
      "RR": 0.8119791666666666,
      "R@5": 0.26248511904761906,
      "P@5": 0.33999999999999997,
      "nDCG@5": 0.41820440719221474,
      "R@10": 0.3092857142857143,
      "P@10": 0.20125,
      "nDCG@10": 0.3844890905164238
    },
    "hybrid": {
      "AP": 0.04691680839002267,
      "RR": 0.22879960317460318,
      "R@5": 0.06645833333333333,
      "P@5": 0.0875,
      "nDCG@5": 0.09300043790494392,
      "R@10": 0.12367559523809524,
      "P@10": 0.08125,
      "nDCG@10": 0.11208758758247003
    }
  }
}