{
  "stage": "eval",
  "split": "time",
  "seed": 5,
  "test_ratio": 0.3,
  "ks": [
    5,
    10
  ],
  "n_test_users": 100,
  "results": {
    "popularity": {
      "AP": 0.009929563492063493,
      "RR": 0.03971825396825397,
      "R@5": 0.02,
      "P@5": 0.016,
      "nDCG@5": 0.017365896932159577,
      "R@10": 0.0325,
      "P@10": 0.013000000000000001,
      "nDCG@10": 0.023765665385149265
    },
    "content": {
      "AP": 0.06366964285714286,
      "RR": 0.1965198412698413,
      "R@5": 0.1075,
      "P@5": 0.086,
      "nDCG@5": 0.09705386207274103,
      "R@10": 0.175,
      "P@10": 0.07,
      "nDCG@10": 0.13045965720894304
    },
    "collab": {
      "AP": 0.28120734126984126,
      "RR": 0.7043888888888888,
      "R@5": 0.3275,
      "P@5": 0.262,
      "nDCG@5": 0.3839695026081978,
      "R@10": 0.38,
      "P@10": 0.15200000000000002,
      "nDCG@10": 0.40989920044082995
    },
    "hybrid": {
      "AP": 0.11327777777777777,
      "RR": 0.30330555555555555,
      "R@5": 0.1475,
      "P@5": 0.11800000000000001,
      "nDCG@5": 0.1399816601374705,
      "R@10": 0.3225,
      "P@10": 0.129,
      "nDCG@10": 0.22677454916591736
    }
  }
}