{
  "stage": "eval",
  "split": "time",
  "seed": 42,
  "test_ratio": 0.3,
  "ks": [
    5,
    10
  ],
  "n_test_users": 50,
  "results": {
    "popularity": {
      "AP": 0.03713219954648526,
      "RR": 0.17784126984126986,
      "R@5": 0.04180952380952381,
      "P@5": 0.052000000000000005,
      "nDCG@5": 0.06106476594909662,
      "R@10": 0.10580952380952381,
      "P@10": 0.064,
      "nDCG@10": 0.08994261159645278
    },
    "content": {
      "AP": 0.03620740740740741,
      "RR": 0.19255555555555556,
      "R@5": 0.057428571428571426,
      "P@5": 0.068,
      "nDCG@5": 0.0738234054819356,
      "R@10": 0.0917142857142857,
      "P@10": 0.05600000000000001,
      "nDCG@10": 0.08566149579794216
    },
    "collab": {
      "AP": 0.12421043083900227,
      "RR": 0.5045555555555555,
      "R@5": 0.16714285714285715,
      "P@5": 0.20400000000000001,
      "nDCG@5": 0.23449113111024694,
      "R@10": 0.22895238095238096,
      "P@10": 0.138,
      "nDCG@10": 0.24231539555676224
    },
    "hybrid": {
      "AP": 0.07051557067271352,
      "RR": 0.31238095238095237,
      "R@5": 0.0976190476190476,
      "P@5": 0.12,
      "nDCG@5": 0.13488449833316474,
      "R@10": 0.1443809523809524,
      "P@10": 0.08800000000000001,
      "nDCG@10": 0.1455242414920029
    }
  }
}