{
  "stage": "eval",
  "split": "time",
  "seed": 42,
  "test_ratio": 0.3,
  "ks": [
    5,
    10
  ],
  "n_test_users": 120,
  "results": {
    "popularity": {
      "AP": 0.007210254472159234,
      "RR": 0.04577050264550264,
      "R@5": 0.009424603174603174,
      "P@5": 0.013333333333333334,
      "nDCG@5": 0.011367269523080589,
      "R@10": 0.037351190476190475,
      "P@10": 0.025,
      "nDCG@10": 0.02604927374297748
    },
    "content": {
      "AP": 0.009381542894935752,
      "RR": 0.05770502645502646,
      "R@5": 0.013740079365079365,
      "P@5": 0.018333333333333333,
      "nDCG@5": 0.019616862313366505,
      "R@10": 0.030119047619047618,
      "P@10": 0.020000000000000004,
      "nDCG@10": 0.025937770152528513
    },
    "collab": {
      "AP": 0.2459542705971277,
      "RR": 0.8618849206349206,
      "R@5": 0.24554563492063491,
      "P@5": 0.32333333333333336,
      "nDCG@5": 0.43794036067033093,
      "R@10": 0.2747420634920635,
      "P@10": 0.18083333333333332,
      "nDCG@10": 0.3865261834154568
    },
    "hybrid": {
      "AP": 0.0361539627425044,
      "RR": 0.18746693121693123,
      "R@5": 0.04139880952380952,
      "P@5": 0.05500000000000001,
      "nDCG@5": 0.05638110291700598,
      "R@10": 0.1468154761904762,
      "P@10": 0.0975,
      "nDCG@10": 0.1083289107004056
    }
  }
}