{
  "stage": "eval",
  "split": "time",
  "seed": 2026,
  "test_ratio": 0.3,
  "ks": [
    5,
    10
  ],
  "n_test_users": 80,
  "results": {
    "popularity": {
      "AP": 0.01753720238095238,
      "RR": 0.05963293650793651,
      "R@5": 0.01875,
      "P@5": 0.015000000000000003,
      "nDCG@5": 0.021282315593932385,
      "R@10": 0.05,
      "P@10": 0.02,
      "nDCG@10": 0.03717733615388548
    },
    "content": {
      "AP": 0.08798115079365079,
      "RR": 0.25325396825396823,
      "R@5": 0.128125,
      "P@5": 0.10250000000000001,
      "nDCG@5": 0.11737710495058033,
      "R@10": 0.2625,
      "P@10": 0.10500000000000001,
      "nDCG@10": 0.18441760385551703
    },
    "collab": {
      "AP": 0.2832130456349206,
      "RR": 0.6597222222222222,
      "R@5": 0.315625,
      "P@5": 0.2525,
      "nDCG@5": 0.36244018620882346,
      "R@10": 0.415625,
      "P@10": 0.16625,
      "nDCG@10": 0.4134415054287933
    },
    "hybrid": {
      "AP": 0.1485391865079365,
      "RR": 0.3798214285714286,
      "R@5": 0.2,
      "P@5": 0.16,
      "nDCG@5": 0.19507981854843987,
      "R@10": 0.359375,
      "P@10": 0.14375,
      "nDCG@10": 0.27280794267681774
    }
  }
}