{
  "stage": "eval",
  "split": "time",
  "seed": 42,
  "test_ratio": 0.3,
  "ks": [
    5,
    10
  ],
  "n_test_users": 60,
  "results": {
    "popularity": {
      "AP": 0.018125,
      "RR": 0.047685185185185185,
      "R@5": 0.03333333333333333,
      "P@5": 0.023333333333333334,
      "nDCG@5": 0.025995730716667435,
      "R@10": 0.05972222222222222,
      "P@10": 0.020000000000000004,
      "nDCG@10": 0.03849052861714394
    },
    "content": {
      "AP": 0.007222222222222223,
      "RR": 0.02560185185185185,
      "R@5": 0.013888888888888888,
      "P@5": 0.010000000000000002,
      "nDCG@5": 0.010383903437902225,
      "R@10": 0.03472222222222222,
      "P@10": 0.011666666666666667,
      "nDCG@10": 0.019856728248535724
    }
  }
}