{
  "stage": "eval",
  "split": "time",
  "seed": 42,
  "test_ratio": 0.3,
  "ks": [
    5,
    10
  ],
  "n_test_users": 50,
  "results": {
    "popularity": {
      "AP": 0.003833333333333333,
      "RR": 0.015333333333333332,
      "R@5": 0.005,
      "P@5": 0.004,
      "nDCG@5": 0.0049260477748146,
      "R@10": 0.015,
      "P@10": 0.006000000000000001,
      "nDCG@10": 0.009964074192008817
    },
    "content": {
      "AP": 0.014061507936507935,
      "RR": 0.037293650793650795,
      "R@5": 0.026666666666666665,
      "P@5": 0.016,
      "nDCG@5": 0.017408676724550095,
      "R@10": 0.065,
      "P@10": 0.022000000000000002,
      "nDCG@10": 0.035941042547596086
    },
    "collab": {
      "AP": 0.006317460317460317,
      "RR": 0.01622222222222222,
      "R@5": 0.011666666666666665,
      "P@5": 0.008,
      "nDCG@5": 0.00894203058387341,
      "R@10": 0.021666666666666664,
      "P@10": 0.008,
      "nDCG@10": 0.013894886345615962
    },
    "hybrid": {
      "AP": 0.013555555555555553,
      "RR": 0.044222222222222225,
      "R@5": 0.018333333333333333,
      "P@5": 0.012000000000000002,
      "nDCG@5": 0.017440912506105043,
      "R@10": 0.045,
      "P@10": 0.016,
      "nDCG@10": 0.030317394302350937
    }
  }
}