{
  "stage": "eval",
  "split": "time",
  "seed": 123,
  "test_ratio": 0.3,
  "ks": [
    5,
    10
  ],
  "n_test_users": 80,
  "results": {
    "popularity": {
      "AP": 0.024270833333333332,
      "RR": 0.05263888888888889,
      "R@5": 0.025,
      "P@5": 0.0125,
      "nDCG@5": 0.0299936400073476,
      "R@10": 0.03125,
      "P@10": 0.00875,
      "nDCG@10": 0.032873155583664625
    },
    "content": {
      "AP": 0.003802083333333333,
      "RR": 0.014374999999999999,
      "R@5": 0.007291666666666666,
      "P@5": 0.005,
      "nDCG@5": 0.0047091477191675436,
      "R@10": 0.022916666666666665,
      "P@10": 0.00875,
      "nDCG@10": 0.012347258356034747
    },
    "collab": {
      "AP": 0.01246279761904762,
      "RR": 0.038571428571428576,
      "R@5": 0.02395833333333333,
      "P@5": 0.015000000000000003,
      "nDCG@5": 0.01961645123806472,
      "R@10": 0.03958333333333333,
      "P@10": 0.01125,
      "nDCG@10": 0.026136575444638564
    },
    "hybrid": {
      "AP": 0.007347470238095238,
      "RR": 0.025223214285714286,
      "R@5": 0.013541666666666665,
      "P@5": 0.01,
      "nDCG@5": 0.010146591206355573,
      "R@10": 0.034375,
      "P@10": 0.01125,
      "nDCG@10": 0.01974368152491926
    }
  }
}