{
  "config": {
    "dim": 64,
    "ks": [
      5,
      10
    ],
    "methods": [
      "popularity",
      "content",
      "collab",
      "hybrid",
      "reranked"
    ],
    "n_items": 300,
    "n_users": 80,
    "seed": 42,
    "test_ratio": 0.3
  },
  "results": {
    "collab": {
      "AP": 0.3253125,
      "Coverage": 0.6766666666666666,
      "Novelty": 4.315847924827528,
      "P@10": 0.18,
      "P@5": 0.3025,
      "R@10": 0.45,
      "R@5": 0.378125,
      "RR": 0.7723412698412698,
      "nDCG@10": 0.4691019896263994,
      "nDCG@5": 0.43330349311041
    },
    "content": {
      "AP": 0.10801587301587301,
      "Coverage": 0.6733333333333333,
      "Novelty": 5.229459724938859,
      "P@10": 0.0975,
      "P@5": 0.1125,
      "R@10": 0.24375,
      "R@5": 0.140625,
      "RR": 0.32478174603174603,
      "nDCG@10": 0.20052798164273425,
      "nDCG@5": 0.14905518725581324
    },
    "hybrid": {
      "AP": 0.12530133928571427,
      "Coverage": 0.68,
      "Novelty": 4.4646415540504725,
      "P@10": 0.12625,
      "P@5": 0.1325,
      "R@10": 0.315625,
      "R@5": 0.165625,
      "RR": 0.3242013888888889,
      "nDCG@10": 0.23468470405645805,
      "nDCG@5": 0.16059814997825578
    },
    "popularity": {
      "AP": 0.012864583333333332,
      "Coverage": 0.04666666666666667,
      "Novelty": 3.537265751655534,
      "P@10": 0.013750000000000002,
      "P@5": 0.015000000000000003,
      "R@10": 0.034375,
      "R@5": 0.01875,
      "RR": 0.045208333333333336,
      "nDCG@10": 0.02675312964037398,
      "nDCG@5": 0.019267495852748836
    },
    "reranked": {
      "AP": 0.11385788690476191,
      "Coverage": 0.7133333333333334,
      "Novelty": 4.737633936860735,
      "P@10": 0.10500000000000001,
      "P@5": 0.12250000000000001,
      "R@10": 0.2625,
      "R@5": 0.153125,
      "RR": 0.31492063492063493,
      "nDCG@10": 0.20737410462421316,
      "nDCG@5": 0.15337398776184621
    }
  }
}
