{
  "stage": "eval",
  "split": "time",
  "seed": 42,
  "test_ratio": 0.3,
  "ks": [
    5,
    10
  ],
  "n_test_users": 120,
  "results": {
    "popularity": {
      "AP": 0.0031795634920634918,
      "RR": 0.011051587301587302,
      "R@5": 0.004166666666666667,
      "P@5": 0.0033333333333333335,
      "nDCG@5": 0.003679103447806507,
      "R@10": 0.014583333333333334,
      "P@10": 0.005833333333333334,
      "nDCG@10": 0.008696764737550683
    },
    "content": {
      "AP": 0.060155423280423274,
      "RR": 0.20585978835978835,
      "R@5": 0.075,
      "P@5": 0.060000000000000005,
      "nDCG@5": 0.08580238860445077,
      "R@10": 0.13125,
      "P@10": 0.052500000000000005,
      "nDCG@10": 0.11431442892668953
    },
    "collab": {
      "AP": 0.30362929894179896,
      "RR": 0.8078935185185185,
      "R@5": 0.325,
      "P@5": 0.26,
      "nDCG@5": 0.41207525543593904,
      "R@10": 0.37083333333333335,
      "P@10": 0.14833333333333334,
      "nDCG@10": 0.4349424145273547
    },
    "hybrid": {
      "AP": 0.12536210317460317,
      "RR": 0.3274041005291005,
      "R@5": 0.16458333333333333,
      "P@5": 0.13166666666666668,
      "nDCG@5": 0.15435205091648305,
      "R@10": 0.34375,
      "P@10": 0.1375,
      "nDCG@10": 0.24470489649825788
    }
  }
}