{
  "stage": "eval",
  "split": "time",
  "seed": 42,
  "test_ratio": 0.3,
  "ks": [
    5,
    10
  ],
  "n_test_users": 80,
  "results": {
    "popularity": {
      "AP": 0.004956597222222222,
      "RR": 0.017951388888888888,
      "R@5": 0.014583333333333332,
      "P@5": 0.01,
      "nDCG@5": 0.009337083753813357,
      "R@10": 0.02395833333333333,
      "P@10": 0.00875,
      "nDCG@10": 0.014083627236782952
    },
    "content": {
      "AP": 0.009392361111111112,
      "RR": 0.03409722222222222,
      "R@5": 0.02395833333333333,
      "P@5": 0.0175,
      "nDCG@5": 0.018457453706592207,
      "R@10": 0.03333333333333333,
      "P@10": 0.0125,
      "nDCG@10": 0.02274753354977093
    },
    "collab": {
      "AP": 0.010002893518518519,
      "RR": 0.03861111111111111,
      "R@5": 0.0125,
      "P@5": 0.01,
      "nDCG@5": 0.013138904546808489,
      "R@10": 0.0375,
      "P@10": 0.013750000000000002,
      "nDCG@10": 0.024608011068829892
    },
    "hybrid": {
      "AP": 0.017747189153439154,
      "RR": 0.050793650793650794,
      "R@5": 0.02708333333333333,
      "P@5": 0.02,
      "nDCG@5": 0.025417442846785814,
      "R@10": 0.04375,
      "P@10": 0.01625,
      "nDCG@10": 0.033602420562064514
    }
  }
}