{
  "stage": "eval",
  "split": "time",
  "seed": 42,
  "test_ratio": 0.3,
  "ks": [
    5,
    10
  ],
  "n_test_users": 80,
  "results": {
    "popularity": {
      "AP": 0.0244249929138322,
      "RR": 0.11834821428571429,
      "R@5": 0.03441964285714286,
      "P@5": 0.045,
      "nDCG@5": 0.04828454731893006,
      "R@10": 0.06348214285714285,
      "P@10": 0.04125,
      "nDCG@10": 0.05774024683727831
    },
    "content": {
      "AP": 0.028235160383597885,
      "RR": 0.1362797619047619,
      "R@5": 0.03702380952380952,
      "P@5": 0.0475,
      "nDCG@5": 0.05344841303316369,
      "R@10": 0.06834821428571428,
      "P@10": 0.04375,
      "nDCG@10": 0.06411175488189522
    },
    "collab": {
      "AP": 0.2435331632653061,
      "RR": 0.8904166666666666,
      "R@5": 0.2539285714285714,
      "P@5": 0.325,
      "nDCG@5": 0.43331905827408734,
      "R@10": 0.29601190476190475,
      "P@10": 0.19,
      "nDCG@10": 0.3971341873683129
    },
    "hybrid": {
      "AP": 0.0431437783446712,
      "RR": 0.2130704365079365,
      "R@5": 0.07440476190476189,
      "P@5": 0.0975,
      "nDCG@5": 0.0950950187158944,
      "R@10": 0.11703869047619046,
      "P@10": 0.07625000000000001,
      "nDCG@10": 0.10448413790248587
    }
  }
}