{
  "stage": "eval",
  "split": "time",
  "seed": 42,
  "test_ratio": 0.3,
  "ks": [
    5,
    10
  ],
  "n_test_users": 80,
  "results": {
    "popularity": {
      "AP": 0.01529806783824641,
      "RR": 0.08452380952380953,
      "R@5": 0.029360119047619048,
      "P@5": 0.0375,
      "nDCG@5": 0.03222573259380247,
      "R@10": 0.06055059523809524,
      "P@10": 0.0375,
      "nDCG@10": 0.04601373673373906
    },
    "content": {
      "AP": 0.012007723922902494,
      "RR": 0.06811507936507936,
      "R@5": 0.024523809523809524,
      "P@5": 0.030000000000000006,
      "nDCG@5": 0.02374672746196207,
      "R@10": 0.05898809523809524,
      "P@10": 0.036250000000000004,
      "nDCG@10": 0.04080164082590172
    },
    "collab": {
      "AP": 0.15126658163265305,
      "RR": 0.5791468253968254,
      "R@5": 0.1819940476190476,
      "P@5": 0.21750000000000003,
      "nDCG@5": 0.27168257348297425,
      "R@10": 0.2174702380952381,
      "P@10": 0.13,
      "nDCG@10": 0.2624560035502341
    },
    "hybrid": {
      "AP": 0.05175553902116402,
      "RR": 0.22888888888888886,
      "R@5": 0.07485119047619047,
      "P@5": 0.0925,
      "nDCG@5": 0.10014311848559494,
      "R@10": 0.11657738095238095,
      "P@10": 0.07,
      "nDCG@10": 0.11093694066728532
    }
  }
}