{
  "stage": "eval",
  "split": "time",
  "seed": 123,
  "test_ratio": 0.3,
  "ks": [
    5,
    10
  ],
  "n_test_users": 80,
  "results": {
    "popularity": {
      "AP": 0.0213781179138322,
      "RR": 0.12405753968253967,
      "R@5": 0.029345238095238098,
      "P@5": 0.035,
      "nDCG@5": 0.03901445265433315,
      "R@10": 0.06828869047619048,
      "P@10": 0.04125,
      "nDCG@10": 0.05759974885648855
    },
    "content": {
      "AP": 0.026580333522297807,
      "RR": 0.1393501984126984,
      "R@5": 0.04642857142857143,
      "P@5": 0.05500000000000001,
      "nDCG@5": 0.05543259501439969,
      "R@10": 0.07005952380952381,
      "P@10": 0.0425,
      "nDCG@10": 0.0644347924768639
    },
    "collab": {
      "AP": 0.11934843868102796,
      "RR": 0.4909821428571429,
      "R@5": 0.15532738095238094,
      "P@5": 0.1925,
      "nDCG@5": 0.22490481315514216,
      "R@10": 0.2073065476190476,
      "P@10": 0.1275,
      "nDCG@10": 0.22818169277740102
    },
    "hybrid": {
      "AP": 0.05625053146258503,
      "RR": 0.2605406746031746,
      "R@5": 0.08217261904761905,
      "P@5": 0.1,
      "nDCG@5": 0.10667831836856678,
      "R@10": 0.13944940476190476,
      "P@10": 0.08375,
      "nDCG@10": 0.12756631012406247
    }
  }
}