{
  "stage": "eval",
  "split": "time",
  "seed": 42,
  "test_ratio": 0.3,
  "ks": [
    5,
    10
  ],
  "n_test_users": 50,
  "results": {
    "popularity": {
      "AP": 0.01924206349206349,
      "RR": 0.06752380952380953,
      "R@5": 0.035,
      "P@5": 0.028000000000000004,
      "nDCG@5": 0.030425582729428143,
      "R@10": 0.06,
      "P@10": 0.024000000000000004,
      "nDCG@10": 0.04340370955900902
    },
    "content": {
      "AP": 0.12671626984126985,
      "RR": 0.3453809523809524,
      "R@5": 0.19,
      "P@5": 0.15200000000000002,
      "nDCG@5": 0.17758110441283798,
      "R@10": 0.315,
      "P@10": 0.126,
      "nDCG@10": 0.24128378725506203
    },
    "collab": {
      "AP": 0.28949007936507937,
      "RR": 0.7510238095238095,
      "R@5": 0.33,
      "P@5": 0.264,
      "nDCG@5": 0.3848710387296428,
      "R@10": 0.445,
      "P@10": 0.17800000000000002,
      "nDCG@10": 0.4434698070233498
    },
    "hybrid": {
      "AP": 0.11346428571428571,
      "RR": 0.3336031746031746,
      "R@5": 0.165,
      "P@5": 0.132,
      "nDCG@5": 0.15920908154403912,
      "R@10": 0.285,
      "P@10": 0.114,
      "nDCG@10": 0.2202894330993833
    }
  }
}