{
  "stage": "eval",
  "split": "time",
  "seed": 7,
  "test_ratio": 0.3,
  "ks": [
    5,
    10
  ],
  "n_test_users": 80,
  "results": {
    "popularity": {
      "AP": 0.004765625,
      "RR": 0.0190625,
      "R@5": 0.009375,
      "P@5": 0.0075000000000000015,
      "nDCG@5": 0.007406400399557325,
      "R@10": 0.021875,
      "P@10": 0.00875,
      "nDCG@10": 0.013505121106794965
    },
    "content": {
      "AP": 0.07020337301587301,
      "RR": 0.21155753968253968,
      "R@5": 0.10625,
      "P@5": 0.085,
      "nDCG@5": 0.09727700724829949,
      "R@10": 0.209375,
      "P@10": 0.08375,
      "nDCG@10": 0.1488489167912039
    },
    "collab": {
      "AP": 0.228406498015873,
      "RR": 0.628640873015873,
      "R@5": 0.2625,
      "P@5": 0.21000000000000002,
      "nDCG@5": 0.3088697246944045,
      "R@10": 0.365625,
      "P@10": 0.14625000000000002,
      "nDCG@10": 0.36090969748599344
    },
    "hybrid": {
      "AP": 0.07400669642857143,
      "RR": 0.23356646825396826,
      "R@5": 0.11875,
      "P@5": 0.095,
      "nDCG@5": 0.11111262239154399,
      "R@10": 0.2,
      "P@10": 0.08,
      "nDCG@10": 0.1512307792238952
    }
  }
}