{
  "stage": "eval",
  "split": "time",
  "seed": 99,
  "test_ratio": 0.3,
  "ks": [
    5,
    10
  ],
  "n_test_users": 100,
  "results": {
    "popularity": {
      "AP": 0.018140022675736958,
      "RR": 0.11036507936507936,
      "R@5": 0.02604761904761905,
      "P@5": 0.034,
      "nDCG@5": 0.03602183384377164,
      "R@10": 0.059654761904761905,
      "P@10": 0.03900000000000001,
      "nDCG@10": 0.05087809337717282
    },
    "content": {
      "AP": 0.014920634920634921,
      "RR": 0.08542857142857142,
      "R@5": 0.024678571428571425,
      "P@5": 0.032,
      "nDCG@5": 0.032242187847935914,
      "R@10": 0.04444047619047619,
      "P@10": 0.029000000000000005,
      "nDCG@10": 0.039254938635236665
    },
    "collab": {
      "AP": 0.26833021541950114,
      "RR": 0.91125,
      "R@5": 0.26825,
      "P@5": 0.35200000000000004,
      "nDCG@5": 0.4684638013584712,
      "R@10": 0.3079523809523809,
      "P@10": 0.203,
      "nDCG@10": 0.42013357553283043
    },
    "hybrid": {
      "AP": 0.057423951247165525,
      "RR": 0.2753809523809524,
      "R@5": 0.07322619047619047,
      "P@5": 0.098,
      "nDCG@5": 0.10851918241376478,
      "R@10": 0.14792857142857144,
      "P@10": 0.09700000000000002,
      "nDCG@10": 0.13419472384161135
    }
  }
}