{
  "stage": "eval",
  "split": "time",
  "seed": 7,
  "test_ratio": 0.3,
  "ks": [
    5,
    10
  ],
  "n_test_users": 80,
  "results": {
    "popularity": {
      "AP": 0.02085034013605442,
      "RR": 0.11285714285714285,
      "R@5": 0.0375,
      "P@5": 0.045,
      "nDCG@5": 0.04313589072730366,
      "R@10": 0.0640029761904762,
      "P@10": 0.03875,
      "nDCG@10": 0.05420609480392211
    },
    "content": {
      "AP": 0.015600198412698413,
      "RR": 0.08626488095238095,
      "R@5": 0.019538690476190477,
      "P@5": 0.025,
      "nDCG@5": 0.02890293323745931,
      "R@10": 0.043050595238095235,
      "P@10": 0.027500000000000004,
      "nDCG@10": 0.03909500275762475
    },
    "collab": {
      "AP": 0.14747746598639455,
      "RR": 0.6174999999999999,
      "R@5": 0.19473214285714285,
      "P@5": 0.2375,
      "nDCG@5": 0.2848784704463741,
      "R@10": 0.23139880952380953,
      "P@10": 0.14125000000000001,
      "nDCG@10": 0.2721282138928274
    },
    "hybrid": {
      "AP": 0.048185964663643235,
      "RR": 0.22628968253968257,
      "R@5": 0.07322916666666666,
      "P@5": 0.09,
      "nDCG@5": 0.08932060087533017,
      "R@10": 0.14377976190476188,
      "P@10": 0.0875,
      "nDCG@10": 0.12011293747818126
    }
  }
}